start	end	probability	word
0.000000	0.280000	0.256853	 Duh
0.280000	0.320000	0.430743	 duh
0.320000	0.480000	0.279247	 dun
0.480000	0.700000	0.499069	 duh
0.700000	0.880000	0.668911	 dun
1.880000	2.360000	0.018154	 Hmm
3.340000	3.820000	0.833001	 Duh
3.820000	3.900000	0.969870	 duh
3.900000	3.980000	0.734334	 dun
3.980000	4.260000	0.606174	 chips
4.260000	4.480000	0.904047	 and
4.480000	4.900000	0.976254	 ketchup
4.900000	5.840000	0.467385	 Duh
5.840000	6.060000	0.887132	 duh
6.060000	6.520000	0.678594	 dun
6.520000	6.920000	0.441363	 duh
6.920000	7.160000	0.611593	 duh
7.160000	7.480000	0.388612	 duh
8.000000	8.240000	0.208569	 Feeling
8.240000	8.960000	0.997690	 a
8.960000	9.120000	0.986254	 little
9.120000	9.300000	0.974948	 bit
9.300000	9.540000	0.998164	 sad
9.540000	9.860000	0.997729	 today
9.860000	10.460000	0.827306	 Feeling
10.460000	10.740000	0.998858	 a
10.740000	10.880000	0.995634	 little
10.880000	11.080000	0.997976	 bit
11.080000	11.440000	0.996134	 bored
12.000000	12.260000	0.978458	 Brighton's
12.260000	12.500000	0.988457	 waiting
12.500000	12.900000	0.992701	 outside
12.900000	13.240000	0.998409	 my
13.240000	13.560000	0.998281	 door
13.560000	13.740000	0.861880	 But
13.740000	13.920000	0.977276	 nothing
13.920000	14.160000	0.958424	 sounds
14.160000	14.420000	0.997840	 fun
14.420000	14.820000	0.939682	 anymore
14.820000	15.340000	0.913122	 Could
15.340000	15.500000	0.998134	 get
15.500000	15.600000	0.985994	 a
15.600000	15.860000	0.992255	 pizza
15.860000	16.080000	0.994788	 at
16.080000	16.860000	0.830891	 Donatello's
16.860000	17.000000	0.751305	 Sit
17.000000	17.180000	0.997369	 in
17.180000	17.320000	0.995323	 the
17.320000	17.580000	0.990590	 lanes
17.580000	17.680000	0.979149	 and
17.680000	17.840000	0.998438	 watch
17.840000	18.020000	0.998405	 the
18.020000	18.240000	0.990032	 crowds
18.240000	18.500000	0.998299	 go
18.500000	18.700000	0.984080	 But
18.700000	18.860000	0.991554	 I'm
18.860000	19.020000	0.998367	 not
19.020000	19.400000	0.998690	 hungry
19.400000	19.520000	0.854913	 so
19.520000	19.740000	0.997936	 that's
19.740000	19.840000	0.993912	 no
19.840000	20.140000	0.999068	 good
20.140000	20.360000	0.978385	 Even
20.360000	20.520000	0.993748	 though
20.520000	20.680000	0.994042	 I
20.680000	20.940000	0.997598	 know
20.940000	21.140000	0.995355	 that
21.140000	21.280000	0.978761	 the
21.280000	21.580000	0.996521	 pizza
21.580000	21.920000	0.997251	 would
21.920000	22.480000	0.906980	 There
22.480000	22.740000	0.999478	 must
22.740000	22.980000	0.998987	 be
22.980000	23.420000	0.976182	 something
23.420000	24.260000	0.933442	 There
24.260000	24.520000	0.999876	 must
24.520000	24.740000	0.999744	 be
24.740000	25.220000	0.994970	 somewhere
25.220000	25.800000	0.440700	 I've
25.800000	25.980000	0.991456	 got
25.980000	26.140000	0.992765	 the
26.140000	26.360000	0.990937	 whole
26.360000	26.560000	0.987121	 of
26.560000	26.960000	0.973774	 Brighton
26.960000	27.120000	0.110552	 But
27.120000	27.240000	0.991016	 I
27.240000	27.500000	0.997942	 don't
27.500000	27.620000	0.462915	 wanna
27.620000	27.820000	0.995471	 go
27.820000	28.360000	0.995525	 anywhere
29.820000	30.340000	0.920638	 Donatello's
30.340000	30.440000	0.976539	 not
30.440000	30.900000	0.994508	 hungry
30.900000	31.260000	0.879449	 The
31.260000	31.680000	0.658423	 boldplex
31.680000	32.140000	0.968165	 can't
32.140000	32.220000	0.760793	 go
32.220000	32.600000	0.996536	 straight
32.600000	33.160000	0.977889	 West
33.160000	33.500000	0.742528	 Street
33.500000	33.780000	0.700114	 to
33.780000	34.280000	0.507997	 lefty
34.280000	34.700000	0.955660	 So
34.700000	34.900000	0.970602	 where
34.900000	34.980000	0.928244	 we
34.980000	35.260000	0.929254	 going?
35.380000	35.800000	0.995492	 Brighton
35.800000	36.040000	0.984146	 Beach
36.040000	36.240000	0.885451	 So
36.240000	36.500000	0.997393	 what
36.500000	36.840000	0.996398	 shall
36.840000	37.140000	0.999842	 we
37.140000	37.400000	0.999890	 do?
37.540000	38.000000	0.997016	 Where
38.000000	38.600000	0.997792	 shall
38.600000	38.900000	0.999714	 we
38.900000	39.120000	0.999577	 be?
39.240000	39.600000	0.998010	 Let's
39.600000	39.740000	0.998126	 just
39.740000	39.980000	0.998883	 go
39.980000	40.220000	0.997136	 down
40.220000	40.640000	0.999005	 Brighton
40.640000	40.900000	0.993441	 Beach
40.900000	41.100000	0.938799	 And
41.100000	41.340000	0.997550	 draw
41.340000	42.020000	0.997110	 dicks
42.020000	42.240000	0.993442	 on
42.240000	42.840000	0.986273	 pebbles
42.840000	43.140000	0.981486	 Get
43.140000	43.500000	0.994331	 chips
43.500000	43.980000	0.996399	 and
43.980000	44.540000	0.993721	 ketchup
44.540000	45.020000	0.910928	 for
45.020000	45.260000	0.954871	 tea
47.940000	48.460000	0.938774	 Could
48.460000	48.980000	0.999673	 go
48.980000	49.320000	0.982710	 shopping
49.320000	49.500000	0.999209	 in
49.500000	49.760000	0.994171	 Churchill
49.760000	50.080000	0.998589	 Square
50.080000	50.340000	0.995760	 But
50.340000	50.520000	0.998921	 there
50.520000	50.660000	0.563063	 were
50.660000	50.820000	0.999439	 far
50.820000	50.940000	0.999752	 too
50.940000	51.200000	0.999781	 many
51.200000	51.560000	0.999742	 people
51.560000	51.940000	0.970806	 there
51.940000	52.340000	0.809906	 Queues
52.340000	52.480000	0.999158	 at
52.480000	52.620000	0.951567	 the
52.620000	52.840000	0.334073	 tills
52.840000	52.980000	0.920794	 and
52.980000	53.200000	0.993143	 crowds
53.200000	53.580000	0.999420	 downstairs
55.220000	55.460000	0.069114	 Could
55.460000	55.640000	0.994611	 see
55.640000	55.720000	0.989959	 a
55.720000	55.940000	0.996946	 film
55.940000	56.120000	0.991618	 at
56.120000	56.240000	0.955539	 the
56.240000	56.880000	0.962338	 marina
56.880000	57.140000	0.315604	 Big
57.140000	57.360000	0.976209	 screen
57.360000	57.640000	0.438241	 popcorn
57.640000	58.080000	0.315078	 comfy
58.080000	58.540000	0.631831	 seat
58.540000	58.800000	0.248359	 But
58.800000	59.040000	0.979181	 the
59.040000	59.200000	0.998777	 ticket
59.200000	59.420000	0.997080	 price
59.420000	59.600000	0.982503	 nearly
59.600000	59.860000	0.997843	 made
59.860000	60.040000	0.998397	 me
60.040000	60.300000	0.997612	 cry
60.300000	60.620000	0.940589	 So
60.620000	60.860000	0.976881	 I'll
60.860000	61.040000	0.997357	 give
61.040000	61.240000	0.996638	 that
61.240000	61.460000	0.996641	 one
61.460000	61.680000	0.991085	 a
61.680000	61.900000	0.994041	 miss
61.900000	62.300000	0.993001	 tonight
62.300000	63.060000	0.967747	 There
63.060000	63.340000	0.998935	 must
63.340000	63.520000	0.999428	 be
63.520000	64.020000	0.968410	 something
64.020000	64.540000	0.646689	 There
64.540000	65.080000	0.999305	 must
65.080000	65.320000	0.999731	 be
65.320000	65.800000	0.993459	 somewhere
65.800000	66.380000	0.992697	 I've
66.380000	66.580000	0.998749	 got
66.580000	66.740000	0.998379	 the
66.740000	66.940000	0.998579	 whole
66.940000	67.140000	0.997855	 of
67.140000	67.540000	0.997871	 Brighton
67.540000	67.680000	0.765256	 But
67.680000	67.820000	0.998406	 I
67.820000	68.080000	0.999326	 don't
68.080000	68.200000	0.603828	 wanna
68.200000	68.400000	0.998772	 go
68.400000	68.940000	0.998604	 anywhere
70.460000	70.940000	0.940609	 Donatello's
70.940000	71.040000	0.922818	 not
71.040000	71.480000	0.998085	 hungry
71.480000	71.840000	0.963624	 The
71.840000	72.280000	0.447913	 boldplex
72.280000	72.700000	0.978251	 can't
72.700000	72.820000	0.151742	 go
72.820000	73.200000	0.999056	 straight
73.200000	73.740000	0.975623	 West
73.740000	74.080000	0.585816	 Street
74.080000	74.340000	0.340858	 to
74.340000	74.840000	0.333638	 lefty
74.840000	75.320000	0.973786	 So
75.320000	75.480000	0.988669	 where
75.480000	75.540000	0.903339	 we
75.540000	75.780000	0.956692	 going?
76.000000	76.460000	0.994718	 Brighton
76.460000	76.620000	0.940309	 Beach
76.620000	76.820000	0.936923	 So
76.820000	77.040000	0.997761	 what
77.040000	77.420000	0.995778	 shall
77.420000	77.720000	0.999775	 we
77.720000	78.020000	0.999785	 do?
78.120000	78.600000	0.997924	 Where
78.600000	79.180000	0.997374	 shall
79.180000	79.500000	0.999695	 we
79.500000	79.700000	0.999516	 be?
79.820000	80.160000	0.997164	 Let's
80.160000	80.320000	0.997367	 just
80.320000	80.540000	0.998366	 go
80.540000	80.800000	0.998449	 down
80.800000	81.220000	0.999246	 Brighton
81.220000	81.460000	0.990362	 Beach
81.460000	81.680000	0.075309	 And
81.680000	81.900000	0.932598	 draw
81.900000	82.440000	0.954352	 dicks
82.440000	82.760000	0.982611	 on
82.760000	83.400000	0.989571	 pebbles
83.400000	83.640000	0.479793	 Get
83.640000	84.060000	0.932334	 chips
84.060000	84.600000	0.946768	 and
84.600000	85.080000	0.765894	 ketchup
85.080000	85.600000	0.905225	 for
85.600000	85.860000	0.961075	 tea
87.960000	88.440000	0.736120	 I
88.440000	88.920000	0.891974	 could
88.920000	89.100000	0.989903	 go
89.100000	89.580000	0.987809	 bowling
89.580000	89.880000	0.262131	 But
89.880000	90.080000	0.989923	 here's
90.080000	90.100000	0.995414	 the
90.100000	90.320000	0.998267	 thing
90.320000	90.540000	0.727764	 I
90.540000	90.760000	0.983100	 aim
90.760000	90.880000	0.996681	 for
90.880000	90.980000	0.996699	 the
90.980000	91.200000	0.998921	 middle
91.200000	91.340000	0.760045	 and
91.340000	91.500000	0.997126	 hit
91.500000	91.960000	0.996066	 everything
91.960000	92.340000	0.964796	 Except
92.340000	92.620000	0.989205	 for
92.620000	92.760000	0.993924	 the
92.760000	92.920000	0.997360	 pins
92.920000	93.120000	0.964588	 that
93.120000	93.160000	0.979741	 are
93.160000	93.340000	0.996829	 straight
93.340000	93.600000	0.990032	 ahead
93.600000	93.880000	0.978593	 The
93.880000	94.020000	0.979731	 ball
94.020000	94.180000	0.990826	 goes
94.180000	94.480000	0.997818	 left
94.480000	94.660000	0.866770	 and
94.660000	94.740000	0.990267	 I
94.740000	94.900000	0.986810	 turn
94.900000	95.140000	0.998152	 bright
95.140000	95.440000	0.994365	 red
95.440000	95.700000	0.985948	 I
95.700000	95.980000	0.998817	 could
95.980000	96.240000	0.992148	 go
96.240000	96.500000	0.973072	 dancing
96.500000	96.660000	0.921946	 down
96.660000	96.860000	0.023933	 West
96.860000	97.120000	0.921371	 Street
97.120000	97.420000	0.786331	 Neon
97.420000	97.740000	0.975729	 lights
97.740000	97.960000	0.777837	 and
97.960000	98.040000	0.973427	 a
98.040000	98.240000	0.868102	 4
98.240000	98.440000	0.858698	-4
98.440000	98.660000	0.900680	 beat
98.660000	98.880000	0.948207	 But
98.880000	99.020000	0.184868	 both
99.020000	99.100000	0.963177	 of
99.100000	99.260000	0.998949	 my
99.260000	99.540000	0.999271	 feet
99.540000	99.760000	0.674262	 wanna
99.760000	100.000000	0.991050	 lead
100.000000	100.120000	0.998076	 the
100.120000	100.320000	0.999245	 way
100.320000	100.520000	0.965432	 And
100.520000	100.640000	0.844962	 neither
100.640000	100.820000	0.996119	 one
100.820000	101.100000	0.997445	 knows
101.100000	101.220000	0.991580	 how
101.220000	101.340000	0.998932	 to
101.340000	101.720000	0.998609	 dance
101.720000	102.060000	0.931902	 anyway
102.060000	102.740000	0.971022	 So
102.740000	103.060000	0.988598	 grab
103.060000	103.260000	0.988113	 that
103.260000	104.080000	0.688232	 sharpie,
104.080000	104.560000	0.984014	 come
104.560000	104.960000	0.999640	 with
104.960000	105.340000	0.999614	 me
105.900000	106.380000	0.977740	 We'll
106.380000	106.580000	0.999053	 make
106.580000	106.760000	0.999045	 some
106.760000	107.120000	0.995593	 art
107.120000	107.840000	0.914356	 beside
107.840000	108.540000	0.997979	 the
108.540000	108.820000	0.957705	 sea
109.400000	109.880000	0.978950	 The
109.880000	110.140000	0.605133	 goals
110.140000	110.300000	0.995817	 can
110.300000	110.640000	0.996914	 judge
110.640000	111.140000	0.999775	 us
111.460000	111.640000	0.333570	 Let
111.640000	111.940000	0.980257	 them
111.940000	112.300000	0.991745	 be
112.300000	113.420000	0.685481	 We've
113.420000	113.640000	0.992725	 got
113.640000	114.080000	0.686559	 chips
115.260000	115.980000	0.404949	 And
115.980000	116.700000	0.532168	 ketchup
116.700000	117.340000	0.717221	 for
117.340000	117.580000	0.820148	 tea
117.580000	118.540000	0.738872	 Donatello's
118.540000	118.640000	0.989938	 not
118.640000	119.060000	0.997782	 hungry
119.060000	119.400000	0.804351	 The
119.400000	119.860000	0.441159	 boldplex
119.860000	120.300000	0.981842	 can't
120.300000	120.360000	0.074971	 go
120.360000	120.720000	0.958088	 straight
120.720000	121.320000	0.851554	 West
121.320000	121.680000	0.504672	 Street
121.680000	121.900000	0.058734	 to
121.900000	122.400000	0.605037	 lefty
122.400000	122.780000	0.923065	 So
122.780000	123.060000	0.952128	 where
123.060000	123.160000	0.916374	 we
123.160000	123.440000	0.777693	 going?
123.620000	124.000000	0.975090	 Brighton
124.000000	124.200000	0.958961	 Beach
124.200000	124.460000	0.880457	 So
124.460000	124.680000	0.984682	 what
124.680000	125.000000	0.965907	 shall
125.000000	125.300000	0.999273	 we
125.300000	125.560000	0.999475	 do?
125.680000	126.160000	0.977082	 Where
126.160000	126.740000	0.984427	 shall
126.740000	127.040000	0.998000	 we
127.040000	127.300000	0.998911	 be?
127.500000	127.800000	0.952945	 Let's
127.800000	127.920000	0.975232	 just
127.920000	128.140000	0.994521	 go
128.140000	128.380000	0.989465	 down
128.380000	128.800000	0.988520	 Brighton
128.800000	129.060000	0.911719	 Beach
129.060000	129.240000	0.581505	 And
129.240000	129.480000	0.986881	 draw
129.480000	130.160000	0.971203	 dicks
130.160000	130.340000	0.991119	 on
130.340000	130.920000	0.970376	 pebbles
130.920000	131.240000	0.958620	 Get
131.240000	131.740000	0.979536	 chips
131.740000	132.160000	0.970399	 and
132.160000	132.700000	0.992609	 ketchup
132.700000	133.220000	0.960573	 for
133.220000	133.460000	0.996056	 tea
133.460000	133.940000	0.978034	 Draw
133.940000	134.480000	0.998036	 dicks
134.480000	134.780000	0.997672	 on
134.780000	135.400000	0.999229	 pebbles
135.400000	135.900000	0.989804	 Down
135.900000	136.240000	0.999233	 by
136.240000	136.600000	0.998891	 the
136.600000	137.040000	0.996897	 sea
137.040000	137.540000	0.984741	 Draw
137.540000	138.000000	0.999145	 dicks
138.000000	138.240000	0.998935	 on
138.240000	138.940000	0.999521	 pebbles
139.120000	139.480000	0.991654	 You
139.480000	140.100000	0.995582	 and
140.100000	140.560000	0.995859	 me
141.460000	141.640000	0.552880	 Dicks
141.640000	141.900000	0.939495	 on
141.900000	142.540000	0.857603	 pebbles
142.540000	142.800000	0.010035	 And
142.800000	143.320000	0.957769	 chips
143.320000	143.720000	0.955270	 for
143.720000	143.900000	0.529140	 tea
146.500000	147.160000	0.699905	 Let's
147.160000	147.260000	0.986540	 just
147.260000	147.500000	0.958015	 go
147.500000	147.720000	0.980549	 down
147.720000	148.200000	0.959351	 Brighton
148.200000	148.400000	0.638777	 Beach
148.400000	148.620000	0.440545	 And
148.620000	148.860000	0.990230	 draw
148.860000	149.520000	0.961896	 dicks
149.520000	149.840000	0.985431	 on
149.840000	150.360000	0.996278	 pebbles
150.360000	150.660000	0.919556	 Get
150.660000	151.120000	0.984604	 chips
151.120000	151.620000	0.927055	 and
151.620000	152.000000	0.866185	 ketchup
152.000000	152.520000	0.804269	 for
152.520000	152.860000	0.990065	 tea
152.860000	153.260000	0.000022	 Draw
153.260000	153.520000	0.818219	 dicks
153.520000	153.740000	0.978295	 on
153.740000	153.980000	0.993296	 pebbles
153.980000	154.460000	0.283470	 Get
154.460000	154.740000	0.739089	 chips
154.740000	155.100000	0.976760	 and
155.100000	155.100000	0.979509	 ketchup
155.100000	155.540000	0.967688	 for
155.540000	155.760000	0.994049	 tea
155.760000	156.240000	0.172383	 Draw
156.240000	157.040000	0.960954	 dicks
157.040000	157.240000	0.993077	 on
157.240000	157.760000	0.997049	 pebbles
157.760000	157.960000	0.797198	 Get
157.960000	158.240000	0.853231	 chips
158.240000	158.700000	0.984320	 and
158.700000	158.700000	0.994702	 ketchup
158.700000	158.960000	0.984774	 for
158.960000	159.460000	0.996487	 tea
